var1,var2,var3
3,1.2,0.3333333333333333
2,4.2,0.14285714285714285
4,2.4,0.25
1,0.2,0.047619047619047616
